filename,foldername,yes,no
102083378_5825091b98_z.jpg,bicycle,"['bag', 'bed', 'bicycle', 'blanket', 'clothes', 'pillow']","['bench', 'building', 'bus', 'car', 'dog', 'person', 'road', 'street sign', 'traffic light', 'tree']"
1162747961_86300f56c8_z.jpg,bicycle,"['bicycle', 'car', 'cup', 'hot dogs', 'plate', 'table']","['bench', 'building', 'bus', 'dog', 'person', 'road', 'street sign', 'traffic light', 'tree']"
149290990_06565d6a15_z.jpg,bicycle,"['bicycle', 'building', 'helmet', 'person', 'road', 'tree']","['bench', 'bus', 'car', 'dog', 'street sign', 'traffic light']"
2718100724_ec6bfa1649_z.jpg,bicycle,"['apron', 'banner', 'bicycle', 'bike', 'blender', 'hat', 'person']","['bench', 'building', 'bus', 'car', 'dog', 'road', 'street sign', 'traffic light', 'tree']"
2970519630_f88800a2cc_z.jpg,bicycle,"['bench', 'bicycle', 'leaves', 'person', 'picnic table', 'tree', 'tricycle']","['building', 'bus', 'car', 'dog', 'road', 'street sign', 'traffic light']"
3784033247_7f30f9904d_z.jpg,bicycle,"['bicycle', 'motorbike', 'person', 'rickshaw', 'shop', 'stall', 'tent', 'tree']","['bench', 'building', 'bus', 'car', 'dog', 'road', 'street sign', 'traffic light']"
4079494232_5b07fbc53b_z.jpg,bicycle,"['bicycle', 'building', 'crosswalk', 'person', 'road', 'sign']","['bench', 'bus', 'car', 'dog', 'street sign', 'traffic light', 'tree']"
6220015159_ee71fef9d1_z.jpg,bicycle,"['bench', 'bicycle', 'building', 'car', 'person', 'road', 'sign', 'street sign', 'streetlight', 'traffic light', 'tree']","['bus', 'dog']"
6275412942_f8dc734c3f_z.jpg,bicycle,"['bicycle', 'cup', 'dog', 'person', 'road', 'skateboard']","['bench', 'building', 'bus', 'car', 'street sign', 'traffic light', 'tree']"
6340233030_bbac0a0f54_z.jpg,bicycle,"['bicycle', 'bike', 'chalk', 'person', 'sign', 'stroller']","['bench', 'building', 'bus', 'car', 'dog', 'road', 'street sign', 'traffic light', 'tree']"
7004183781_b24c5bd8eb_z.jpg,bicycle,"['bicycle', 'car', 'motorcycle', 'person', 'road']","['bench', 'building', 'bus', 'dog', 'street sign', 'traffic light', 'tree']"
7192018366_bc2e2c5579_z.jpg,bicycle,"['bicycle', 'building', 'person', 'road', 'tree']","['bench', 'bus', 'car', 'dog', 'street sign', 'traffic light']"
7259727794_f171c5c7bb_z.jpg,bicycle,"['bicycle', 'bridge', 'building', 'car', 'person', 'pole', 'sign', 'traffic light']","['bench', 'bus', 'dog', 'road', 'street sign', 'tree']"
767098787_6aec439f5e_z.jpg,bicycle,"['bicycle', 'boat', 'building', 'horse', 'person', 'stadium', 'water']","['bench', 'bus', 'car', 'dog', 'road', 'street sign', 'traffic light', 'tree']"
7911028734_6af094b680_z.jpg,bicycle,"['bicycle', 'gloves', 'helmet', 'person']","['bench', 'building', 'bus', 'car', 'dog', 'road', 'street sign', 'traffic light', 'tree']"
9048290995_b028f2366f_z.jpg,bicycle,"['bicycle', 'luggage', 'platform', 'train']","['bench', 'building', 'bus', 'car', 'dog', 'person', 'road', 'street sign', 'traffic light', 'tree']"
9232183203_859067da50_z.jpg,bicycle,"['bag', 'bicycle', 'building', 'car', 'person', 'phone', 'road']","['bench', 'bus', 'dog', 'street sign', 'traffic light', 'tree']"
9388089042_74b163bfd6_z.jpg,bicycle,"['bicycle', 'building', 'car', 'flag', 'person', 'plant', 'road', 'taxi', 'umbrella']","['bench', 'bus', 'dog', 'street sign', 'traffic light', 'tree']"
9471603216_170c539200_z.jpg,bicycle,"['bicycle', 'building', 'light', 'motorcycle', 'person', 'road', 'street']","['bench', 'bus', 'car', 'dog', 'street sign', 'traffic light', 'tree']"
97613669_0f9e2fc256_z.jpg,bicycle,"['bicycle', 'bus', 'hill', 'motorcycle', 'person', 'power line', 'road']","['bench', 'building', 'car', 'dog', 'street sign', 'traffic light', 'tree']"
1177838138_334e5afb60_z.jpg,bird,"['bird', 'flower', 'leaf']","['branch', 'cloud', 'grass', 'insect', 'nest', 'sky', 'tree', 'water']"
2293881652_e20c93cabc_z.jpg,bird,['bird'],"['branch', 'cloud', 'flower', 'grass', 'insect', 'leaf', 'nest', 'sky', 'tree', 'water']"
2586025667_fde2f83ddd_z.jpg,bird,"['bird', 'grass', 'ostrich', 'sky', 'zebra']","['branch', 'cloud', 'flower', 'insect', 'leaf', 'nest', 'tree', 'water']"
2778832101_0d63f093bd_z.jpg,bird,"['bench', 'bird', 'bollard', 'building', 'car', 'person', 'pigeon', 'tree']","['branch', 'cloud', 'flower', 'grass', 'insect', 'leaf', 'nest', 'sky', 'water']"
279982827_db1467098f_z.jpg,bird,"['bird', 'car', 'sidewalk']","['branch', 'cloud', 'flower', 'grass', 'insect', 'leaf', 'nest', 'sky', 'tree', 'water']"
282879518_8aa6491568_z.jpg,bird,['bird'],"['branch', 'cloud', 'flower', 'grass', 'insect', 'leaf', 'nest', 'sky', 'tree', 'water']"
338151993_6a07241542_z.jpg,bird,"['bird', 'cart', 'cup', 'fence', 'person', 'pigeon', 'tree', 'umbrella']","['branch', 'cloud', 'flower', 'grass', 'insect', 'leaf', 'nest', 'sky', 'water']"
3411889968_242a443476_z.jpg,bird,"['bird', 'person', 'wave']","['branch', 'cloud', 'flower', 'grass', 'insect', 'leaf', 'nest', 'sky', 'tree', 'water']"
3777817349_c256455cd9_z.jpg,bird,['bird'],"['branch', 'cloud', 'flower', 'grass', 'insect', 'leaf', 'nest', 'sky', 'tree', 'water']"
385709997_73b0e5f492_z.jpg,bird,"['bench', 'bird', 'dog', 'fence', 'pigeon', 'tree']","['branch', 'cloud', 'flower', 'grass', 'insect', 'leaf', 'nest', 'sky', 'water']"
403371120_e3e07ec0b0_z.jpg,bird,"['bird', 'car', 'cloud', 'grass', 'person', 'sky', 'zebra']","['branch', 'flower', 'insect', 'leaf', 'nest', 'tree', 'water']"
4741167837_c3a1394157_z.jpg,bird,"['bird', 'boat', 'cloud', 'rock', 'sky', 'water']","['branch', 'flower', 'grass', 'insect', 'leaf', 'nest', 'tree']"
5479323211_c7064fa1a8_z.jpg,bird,"['bird', 'lighthouse']","['branch', 'cloud', 'flower', 'grass', 'insect', 'leaf', 'nest', 'sky', 'tree', 'water']"
8192883435_d7133993b3_z.jpg,bird,"['bird', 'birds', 'giraffe', 'leaves', 'tree']","['branch', 'cloud', 'flower', 'grass', 'insect', 'leaf', 'nest', 'sky', 'water']"
8574134898_87f82c2cab_z.jpg,bird,"['beach', 'bird', 'cone', 'frisbee', 'ocean', 'person', 'sky', 'water']","['branch', 'cloud', 'flower', 'grass', 'insect', 'leaf', 'nest', 'tree']"
8888594642_aa7aee6676_z.jpg,bird,"['bench', 'bird', 'birds', 'cloud', 'island', 'ocean', 'person', 'seagull', 'ships', 'sky', 'water']","['branch', 'flower', 'grass', 'insect', 'leaf', 'nest', 'tree']"
9193206893_fb888890fe_z.jpg,bird,"['bird', 'clock', 'tower']","['branch', 'cloud', 'flower', 'grass', 'insect', 'leaf', 'nest', 'sky', 'tree', 'water']"
9478086045_6c5580fb62_z.jpg,bird,"['bird', 'boat', 'flower', 'flowers', 'grass', 'person', 'swans', 'tree', 'trees', 'water']","['branch', 'cloud', 'insect', 'leaf', 'nest', 'sky']"
9529760951_b1d18657cc_z.jpg,bird,"['bird', 'birds', 'grass']","['branch', 'cloud', 'flower', 'insect', 'leaf', 'nest', 'sky', 'tree', 'water']"
9567111288_8b228f4828_z.jpg,bird,"['basket', 'bird', 'chair', 'person', 'sand', 'tent', 'towel']","['branch', 'cloud', 'flower', 'grass', 'insect', 'leaf', 'nest', 'sky', 'tree', 'water']"
1045965706_2076acf288_z.jpg,bottle,"['backpack', 'bag', 'bottle', 'person', 'shoe']","['can', 'chair', 'cup', 'fruit', 'glass', 'jar', 'plate', 'table', 'wine']"
1529000909_584f50a600_z.jpg,bottle,"['bottle', 'bowl', 'broccoli', 'carrot', 'chicken', 'cup', 'plate', 'sauce', 'spoon']","['can', 'chair', 'fruit', 'glass', 'jar', 'person', 'table', 'wine']"
2586054375_fb8f078e45_z.jpg,bottle,"['bottle', 'broccoli', 'container', 'cutting board', 'fruit', 'jug', 'knife', 'mushroom', 'onion', 'person', 'plate', 'table', 'tent', 'vegetable', 'zucchini']","['can', 'chair', 'cup', 'glass', 'jar', 'wine']"
2642920071_92de1b5692_z.jpg,bottle,"['bottle', 'bowl', 'cabinet', 'chair', 'counter', 'flowers', 'jar', 'knife', 'pan', 'person', 'plate', 'range hood', 'spoon', 'stove', 'table', 'vegetables', 'window']","['can', 'cup', 'fruit', 'glass', 'wine']"
2673606325_af37340edd_z.jpg,bottle,"['bottle', 'cushion', 'floor lamp', 'person', 'plate', 'sofa', 'table', 'water bottle']","['can', 'chair', 'cup', 'fruit', 'glass', 'jar', 'wine']"
3141021916_bc27e78448_z.jpg,bottle,"['bottle', 'candle', 'chair', 'curtain', 'dog', 'door', 'person', 'picture frame', 'potted plant', 'table', 'window']","['can', 'cup', 'fruit', 'glass', 'jar', 'plate', 'wine']"
3861266797_dcf5e43956_z.jpg,bottle,"['bottle', 'bread', 'cheese', 'paper', 'parsley', 'pine nuts', 'plate']","['can', 'chair', 'cup', 'fruit', 'glass', 'jar', 'person', 'table', 'wine']"
4922425406_3948cdea0e_z.jpg,bottle,"['bathtub', 'bottle', 'cabinet', 'candles', 'door', 'frame', 'mirror', 'sink', 'toilet', 'towel rack']","['can', 'chair', 'cup', 'fruit', 'glass', 'jar', 'person', 'plate', 'table', 'wine']"
6230522951_ef0cd0573d_z.jpg,bottle,"['bottle', 'fruit', 'glass', 'person']","['can', 'chair', 'cup', 'jar', 'plate', 'table', 'wine']"
6257089825_9794375e1e_z.jpg,bottle,"['bottle', 'glass', 'pizza', 'plate']","['can', 'chair', 'cup', 'fruit', 'jar', 'person', 'table', 'wine']"
6317413105_14f66b6b2c_z.jpg,bottle,"['bottle', 'glass', 'person', 'table']","['can', 'chair', 'cup', 'fruit', 'jar', 'plate', 'wine']"
6349202945_a5fc785a89_z.jpg,bottle,"['bottle', 'cabinet', 'counter', 'cups', 'floor', 'oven', 'person', 'sinks', 'toolbox', 'tools']","['can', 'chair', 'cup', 'fruit', 'glass', 'jar', 'plate', 'table', 'wine']"
690360331_806c163858_z.jpg,bottle,['bottle'],"['can', 'chair', 'cup', 'fruit', 'glass', 'jar', 'person', 'plate', 'table', 'wine']"
7309671834_fd7144de63_z.jpg,bottle,['bottle'],"['can', 'chair', 'cup', 'fruit', 'glass', 'jar', 'person', 'plate', 'table', 'wine']"
7378274484_72563450e9_z.jpg,bottle,"['bag', 'bottle', 'chair', 'net', 'person', 'tennis ball', 'tennis racket', 'water bottle']","['can', 'cup', 'fruit', 'glass', 'jar', 'plate', 'table', 'wine']"
7427085382_562c881bd2_z.jpg,bottle,"['apple', 'bottle', 'bowl', 'crackers', 'cup', 'drink', 'egg', 'fruit', 'lettuce', 'table', 'tomato']","['can', 'chair', 'glass', 'jar', 'person', 'plate', 'wine']"
7897721916_dea6143bb9_z.jpg,bottle,"['bottle', 'food items', 'fridge', 'ketchup', 'mustard', 'oranges', 'person', 'water bottle']","['can', 'chair', 'cup', 'fruit', 'glass', 'jar', 'plate', 'table', 'wine']"
8724904982_6aa6627c31_z.jpg,bottle,"['book', 'bottle', 'cabinet', 'chopsticks', 'container', 'counter', 'dishwasher', 'faucet', 'kitchen', 'light', 'refrigerator', 'sink', 'stove', 'towel', 'tray']","['can', 'chair', 'cup', 'fruit', 'glass', 'jar', 'person', 'plate', 'table', 'wine']"
9362520977_f48f9a2c44_z.jpg,bottle,"['banner', 'basketball hoop', 'bottle', 'building', 'chair', 'cup', 'food', 'glass', 'person', 'plate', 'table']","['can', 'fruit', 'jar', 'wine']"
9502889558_de15cd4c90_z.jpg,bottle,"['bottle', 'bread', 'chair', 'food', 'fork', 'glass', 'knife', 'person', 'plate', 'shirt', 'table']","['can', 'cup', 'fruit', 'jar', 'wine']"
10046963296_dbfe9519d6_z.jpg,car,"['building', 'bus', 'car', 'lamp', 'person', 'sign', 'street', 'tree']","['bicycle', 'motorcycle', 'road', 'traffic light', 'truck']"
120793751_991313cafd_z.jpg,car,"['building', 'car', 'fire hydrant', 'sign', 'street', 'traffic light']","['bicycle', 'bus', 'motorcycle', 'person', 'road', 'tree', 'truck']"
2746804389_97763e30e9_z.jpg,car,"['car', 'fence', 'newspaper box', 'person', 'phone', 'poster', 'sidewalk', 'sunglasses']","['bicycle', 'building', 'bus', 'motorcycle', 'road', 'sign', 'traffic light', 'tree', 'truck']"
288107019_81bce843b0_z.jpg,car,['car'],"['bicycle', 'building', 'bus', 'motorcycle', 'person', 'road', 'sign', 'traffic light', 'tree', 'truck']"
2982902747_6f42eea9cf_z.jpg,car,"['building', 'car', 'pole', 'road', 'sidewalk', 'sign', 'street', 'truck', 'van']","['bicycle', 'bus', 'motorcycle', 'person', 'traffic light', 'tree']"
3284556259_5746dde156_z.jpg,car,"['buildings', 'car', 'rain', 'street_sign', 'traffic_light', 'trees']","['bicycle', 'building', 'bus', 'motorcycle', 'person', 'road', 'sign', 'traffic light', 'tree', 'truck']"
3379013900_8620b3e7b4_z.jpg,car,"['car', 'chair', 'person', 'shadow', 'sign', 'skateboard']","['bicycle', 'building', 'bus', 'motorcycle', 'road', 'traffic light', 'tree', 'truck']"
3696128984_1f62b3c116_z.jpg,car,"['building', 'car', 'person', 'pole', 'sheep', 'sign', 'tree', 'truck']","['bicycle', 'bus', 'motorcycle', 'road', 'traffic light']"
3853738920_ac4ae553f7_z.jpg,car,"['bicycle', 'car', 'chair', 'person', 'road', 'table', 'tree', 'umbrella']","['building', 'bus', 'motorcycle', 'sign', 'traffic light', 'truck']"
4971782749_d5ab1925eb_z.jpg,car,"['car', 'fence', 'motorcycle', 'person', 'tree']","['bicycle', 'building', 'bus', 'road', 'sign', 'traffic light', 'truck']"
5216397952_2e08318894_z.jpg,car,"['box', 'car', 'melon', 'pepper', 'person', 'shirt', 'squash', 'table', 'truck', 'van']","['bicycle', 'building', 'bus', 'motorcycle', 'road', 'sign', 'traffic light', 'tree']"
523730790_84a1672f64_z.jpg,car,"['building', 'car', 'person', 'scaffolding', 'sign', 'truck', 'umbrella', 'van']","['bicycle', 'bus', 'motorcycle', 'road', 'traffic light', 'tree']"
5443064084_48ccc5cf59_z.jpg,car,"['car', 'dog', 'fence', 'frisbee', 'grass', 'house', 'person', 'tree']","['bicycle', 'building', 'bus', 'motorcycle', 'road', 'sign', 'traffic light', 'truck']"
6371629015_2384bcff90_z.jpg,car,"['car', 'house', 'parking meter', 'sidewalk', 'sign', 'street', 'tree']","['bicycle', 'building', 'bus', 'motorcycle', 'person', 'road', 'traffic light', 'truck']"
6794078008_a00ef2b9c6_z.jpg,car,"['bicycle', 'building', 'car', 'hydrant', 'person', 'pole', 'road', 'sign']","['bus', 'motorcycle', 'traffic light', 'tree', 'truck']"
7685725760_9343f56ed5_z.jpg,car,"['bag', 'building', 'car', 'clock', 'lamp', 'person', 'spire', 'tower', 'tree', 'trees']","['bicycle', 'bus', 'motorcycle', 'road', 'sign', 'traffic light', 'truck']"
8020423904_9e2455298d_z.jpg,car,"['base', 'bat', 'car', 'fence', 'field', 'helmet', 'person']","['bicycle', 'building', 'bus', 'motorcycle', 'road', 'sign', 'traffic light', 'tree', 'truck']"
8062992543_e5e82522ca_z.jpg,car,"['bag', 'car', 'helmet', 'motorcycle', 'mountains', 'person', 'road']","['bicycle', 'building', 'bus', 'sign', 'traffic light', 'tree', 'truck']"
8633584452_8cb53543cb_z.jpg,car,"['bicycle', 'building', 'bus', 'car', 'motorcycle', 'person', 'road', 'sign', 'taxi', 'truck', 'van']","['traffic light', 'tree']"
8735069863_c5f3734e61_z.jpg,car,"['building', 'car', 'fence', 'person', 'tennis court', 'tennis racket', 'tree']","['bicycle', 'bus', 'motorcycle', 'road', 'sign', 'traffic light', 'truck']"
1048701609_96957c2f0c_z.jpg,cat,"['cat', 'chair', 'framed picture', 'remote control', 'table', 'television']","['bird', 'blanket', 'bowl', 'dog', 'furniture', 'grass', 'mouse', 'person', 'toy', 'tree']"
111672957_a90b5132fc_z.jpg,cat,"['cat', 'hand', 'laptop']","['bird', 'blanket', 'bowl', 'dog', 'furniture', 'grass', 'mouse', 'person', 'toy', 'tree']"
2452243340_09a5c2d554_z.jpg,cat,"['bottle', 'cat', 'chair', 'plate', 'table']","['bird', 'blanket', 'bowl', 'dog', 'furniture', 'grass', 'mouse', 'person', 'toy', 'tree']"
256248429_ebcfe37830_z.jpg,cat,['cat'],"['bird', 'blanket', 'bowl', 'dog', 'furniture', 'grass', 'mouse', 'person', 'toy', 'tree']"
256670286_35b9aa5593_z.jpg,cat,"['bicycle', 'cat', 'concrete', 'grass', 'tree']","['bird', 'blanket', 'bowl', 'dog', 'furniture', 'mouse', 'person', 'toy']"
2782294653_58f8beb0e5_z.jpg,cat,"['cat', 'cd cases', 'keyboard', 'monitor', 'mouse', 'paper', 'pen']","['bird', 'blanket', 'bowl', 'dog', 'furniture', 'grass', 'person', 'toy', 'tree']"
297290142_2ee1962ac7_z.jpg,cat,"['cat', 'chair', 'motorcycle', 'person', 'table', 'tire']","['bird', 'blanket', 'bowl', 'dog', 'furniture', 'grass', 'mouse', 'toy', 'tree']"
2979408443_0b9cd6b26f_z.jpg,cat,"['cat', 'cat tree', 'chair', 'couch', 'door', 'furniture', 'lamp', 'magazines', 'rug', 'table', 'window']","['bird', 'blanket', 'bowl', 'dog', 'grass', 'mouse', 'person', 'toy', 'tree']"
339263720_d41fd69b6b_z.jpg,cat,"['cat', 'shutters', 'television']","['bird', 'blanket', 'bowl', 'dog', 'furniture', 'grass', 'mouse', 'person', 'toy', 'tree']"
3433892686_b84011a092_z.jpg,cat,"['bin', 'blinds', 'box', 'cables', 'cat', 'chair', 'computer', 'desk', 'drawer', 'furniture', 'laptop', 'mouse', 'painting', 'shoe', 'speakers', 'television']","['bird', 'blanket', 'bowl', 'dog', 'grass', 'person', 'toy', 'tree']"
346539027_68d9056448_z.jpg,cat,"['books', 'cat', 'clock', 'phone', 'remote', 'shelf', 'stove', 'television']","['bird', 'blanket', 'bowl', 'dog', 'furniture', 'grass', 'mouse', 'person', 'toy', 'tree']"
4559168930_674142ca38_z.jpg,cat,"['cat', 'couch', 'pillow', 'remote', 'shoes']","['bird', 'blanket', 'bowl', 'dog', 'furniture', 'grass', 'mouse', 'person', 'toy', 'tree']"
459282725_4a2d394024_z.jpg,cat,"['books', 'cat', 'chair', 'computer', 'furniture', 'papers', 'person', 'table', 'window']","['bird', 'blanket', 'bowl', 'dog', 'grass', 'mouse', 'toy', 'tree']"
4604512475_d468e67378_z.jpg,cat,"['bag', 'book', 'bowl', 'canister', 'cat', 'fruits', 'laptop', 'mug', 'papers', 'phone', 'spoon']","['bird', 'blanket', 'dog', 'furniture', 'grass', 'mouse', 'person', 'toy', 'tree']"
487756768_1b13c03d82_z.jpg,cat,['cat'],"['bird', 'blanket', 'bowl', 'dog', 'furniture', 'grass', 'mouse', 'person', 'toy', 'tree']"
5373979588_e5798a765c_z.jpg,cat,"['cat', 'curtain', 'screen', 'television']","['bird', 'blanket', 'bowl', 'dog', 'furniture', 'grass', 'mouse', 'person', 'toy', 'tree']"
58754785_b24993c8bd_z.jpg,cat,"['bowl', 'cat']","['bird', 'blanket', 'dog', 'furniture', 'grass', 'mouse', 'person', 'toy', 'tree']"
6247094378_8e075d06f6_z.jpg,cat,"['bicycle', 'box', 'cat', 'chair', 'computer', 'couch', 'curtain', 'desk', 'floor lamp', 'furniture', 'keyboard', 'monitor', 'mouse', 'office chair', 'shoes', 'window']","['bird', 'blanket', 'bowl', 'dog', 'grass', 'person', 'toy', 'tree']"
64319272_957ccdf207_z.jpg,cat,"['books', 'box', 'cable', 'cat', 'chair', 'computer', 'doll', 'frame', 'keyboard', 'monitor', 'mug', 'paper', 'printer']","['bird', 'blanket', 'bowl', 'dog', 'furniture', 'grass', 'mouse', 'person', 'toy', 'tree']"
8408217835_8753f4ce1a_z.jpg,cat,"['boot', 'can', 'cat', 'cup', 'mouse toy']","['bird', 'blanket', 'bowl', 'dog', 'furniture', 'grass', 'mouse', 'person', 'toy', 'tree']"
10200388114_b56d5bfbc3_z.jpg,chair,"['chair', 'cutlery', 'glass', 'person', 'plate', 'table']","['books', 'carpet', 'cup', 'desk', 'lamp', 'plant', 'sofa', 'window']"
1327113850_d0fea4d416_z.jpg,chair,['chair'],"['books', 'carpet', 'cup', 'desk', 'lamp', 'person', 'plant', 'sofa', 'table', 'window']"
171546751_4484567625_z.jpg,chair,"['bowl', 'bread', 'can', 'chair', 'cup', 'flowers', 'glass', 'hot dog', 'light', 'napkin', 'person', 'plate', 'table', 'window']","['books', 'carpet', 'desk', 'lamp', 'plant', 'sofa']"
185049565_033501c192_z.jpg,chair,"['chair', 'person', 'sandwich', 'table']","['books', 'carpet', 'cup', 'desk', 'lamp', 'plant', 'sofa', 'window']"
2609945215_4531801330_z.jpg,chair,"['bottle', 'candle', 'chair', 'food', 'glass', 'person', 'plate', 'table']","['books', 'carpet', 'cup', 'desk', 'lamp', 'plant', 'sofa', 'window']"
3017386019_32345947cc_z.jpg,chair,"['candles', 'chair', 'person', 'piano', 'railing', 'sheet music']","['books', 'carpet', 'cup', 'desk', 'lamp', 'plant', 'sofa', 'table', 'window']"
3022047945_a6f93f535f_z.jpg,chair,"['ashtray', 'bird', 'building', 'chair', 'cup', 'glass', 'napkin dispenser', 'person', 'table', 'tree', 'umbrella']","['books', 'carpet', 'desk', 'lamp', 'plant', 'sofa', 'window']"
3104657901_24a3427eef_z.jpg,chair,"['books', 'chair', 'clouds', 'coffee table', 'plant', 'sofa', 'table', 'television', 'window']","['carpet', 'cup', 'desk', 'lamp', 'person']"
3165229121_8c10458feb_z.jpg,chair,"['chair', 'food container', 'hotdog', 'light', 'person', 'poster', 'table', 'tray']","['books', 'carpet', 'cup', 'desk', 'lamp', 'plant', 'sofa', 'window']"
4119350847_0407b383a9_z.jpg,chair,"['chair', 'cup', 'desk', 'lamp', 'table']","['books', 'carpet', 'person', 'plant', 'sofa', 'window']"
4633345591_3062054fb0_z.jpg,chair,"['carpet', 'chair', 'desk', 'lamp', 'plant', 'sofa', 'table', 'window']","['books', 'cup', 'person']"
4794902745_964b0dc4da_z.jpg,chair,"['bottle', 'chair', 'neon sign', 'person', 'stools', 'table', 'window']","['books', 'carpet', 'cup', 'desk', 'lamp', 'plant', 'sofa']"
4978226870_6af69869f8_z.jpg,chair,"['bottle', 'cabinet', 'chair', 'cooktop', 'counter', 'cup', 'kettle', 'lamp', 'oven', 'refrigerator', 'sink', 'stool', 'table', 'toaster', 'window']","['books', 'carpet', 'desk', 'person', 'plant', 'sofa']"
4992861291_0373e88237_z.jpg,chair,"['binder', 'bottle', 'chair', 'chairs', 'cup', 'desk', 'fire extinguisher', 'laptop', 'person', 'phone', 'screen', 'table', 'window']","['books', 'carpet', 'lamp', 'plant', 'sofa']"
5156498714_c2bc95df9a_z.jpg,chair,"['books', 'carpet', 'chair', 'cup', 'desk', 'lamp', 'person', 'plant', 'sofa', 'table']",['window']
5834817570_765f4dd951_z.jpg,chair,"['beach', 'chair', 'ocean', 'person', 'sand', 'umbrella']","['books', 'carpet', 'cup', 'desk', 'lamp', 'plant', 'sofa', 'table', 'window']"
6686907917_f9a48ae947_z.jpg,chair,['chair'],"['books', 'carpet', 'cup', 'desk', 'lamp', 'person', 'plant', 'sofa', 'table', 'window']"
7075644623_d7b08d392a_z.jpg,chair,"['chair', 'cushion', 'painting', 'sofa', 'table', 'television', 'window']","['books', 'carpet', 'cup', 'desk', 'lamp', 'person', 'plant']"
8140835563_609e759460_z.jpg,chair,"['cake', 'chair', 'flowers', 'person']","['books', 'carpet', 'cup', 'desk', 'lamp', 'plant', 'sofa', 'table', 'window']"
8255321115_be9bc845b3_z.jpg,chair,"['box', 'chair', 'chandelier', 'curtain', 'fridge', 'lamp', 'microwave', 'oven', 'painting', 'stove', 'table', 'towel']","['books', 'carpet', 'cup', 'desk', 'person', 'plant', 'sofa', 'window']"
212576304_8467bb85c1_z.jpg,cup,"['bag', 'bench', 'building', 'car', 'cup', 'dog', 'person', 'sandwich', 'spoon', 'tree']","['book', 'bottle', 'chair', 'food', 'fork', 'laptop', 'napkin', 'plate', 'table']"
2521054209_fcb921d642_z.jpg,cup,"['chair', 'cup', 'food', 'fork', 'napkin', 'plate', 'spoon', 'table']","['book', 'bottle', 'laptop']"
2603211662_0ea5415af8_z.jpg,cup,"['apron', 'bowl', 'box', 'can', 'cup', 'food', 'fork', 'jar', 'light', 'person', 'plate', 'spoon', 'table']","['book', 'bottle', 'chair', 'laptop', 'napkin']"
2738641005_b7e772f9bd_z.jpg,cup,"['cat', 'cup', 'desk', 'glass', 'keyboard', 'monitor', 'mouse', 'projector', 'speaker']","['book', 'bottle', 'chair', 'food', 'fork', 'laptop', 'napkin', 'plate', 'spoon', 'table']"
3266337628_3e7a88a926_z.jpg,cup,"['bushes', 'chair', 'cup', 'glass', 'lounge chair', 'person', 'sand', 'table', 'trees', 'umbrella']","['book', 'bottle', 'food', 'fork', 'laptop', 'napkin', 'plate', 'spoon']"
369948094_cc6434c93b_z.jpg,cup,"['book', 'chair', 'cup', 'person', 'projector', 'table', 'whiteboard', 'window']","['bottle', 'food', 'fork', 'laptop', 'napkin', 'plate', 'spoon']"
4684544925_3845f0b23a_z.jpg,cup,"['building', 'car', 'cup', 'donut', 'drink', 'person', 'stairs', 'straw', 'sunglasses']","['book', 'bottle', 'chair', 'food', 'fork', 'laptop', 'napkin', 'plate', 'spoon', 'table']"
4955782360_b061a83fff_z.jpg,cup,['cup'],"['book', 'bottle', 'chair', 'food', 'fork', 'laptop', 'napkin', 'plate', 'spoon', 'table']"
5375419008_044fb14543_z.jpg,cup,"['beer', 'cup', 'fish', 'food', 'fork', 'knife', 'peas', 'plate', 'salad', 'sandwich']","['book', 'bottle', 'chair', 'laptop', 'napkin', 'spoon', 'table']"
5416354425_0b7d39c21f_z.jpg,cup,"['book', 'chair', 'cup', 'laptop', 'table']","['bottle', 'food', 'fork', 'napkin', 'plate', 'spoon']"
6066998375_a529abe272_z.jpg,cup,"['cabinet', 'chair', 'cup', 'person', 'picture', 'refrigerator', 'table']","['book', 'bottle', 'food', 'fork', 'laptop', 'napkin', 'plate', 'spoon']"
6786771501_4d6d41cd35_z.jpg,cup,"['cup', 'fork', 'glass', 'napkins', 'pastries', 'plate', 'spoon', 'table']","['book', 'bottle', 'chair', 'food', 'laptop', 'napkin']"
6923405087_7618e8bbff_z.jpg,cup,"['cup', 'food', 'glass', 'knife', 'napkin', 'person', 'pizza', 'plate', 'table']","['book', 'bottle', 'chair', 'fork', 'laptop', 'spoon']"
7196106876_e4664d5095_z.jpg,cup,"['cabinet', 'coffee maker', 'cup', 'faucet', 'mug', 'oven', 'refrigerator', 'sink', 'stand mixer']","['book', 'bottle', 'chair', 'food', 'fork', 'laptop', 'napkin', 'plate', 'spoon', 'table']"
7623522934_f9b8fb1dd1_z.jpg,cup,"['cup', 'drink', 'fork', 'glass', 'knife', 'napkin', 'pickle', 'sandwich']","['book', 'bottle', 'chair', 'food', 'laptop', 'plate', 'spoon', 'table']"
8033724167_5fe4b14a99_z.jpg,cup,"['bag', 'book', 'cake', 'chair', 'cup', 'hat', 'napkin', 'plate', 'spoon', 'table', 'trees', 'umbrella']","['bottle', 'food', 'fork', 'laptop']"
8128953720_0fa42e045a_z.jpg,cup,"['cup', 'egg', 'foil', 'mug', 'patch', 'person', 'scissors', 'shirt', 'table']","['book', 'bottle', 'chair', 'food', 'fork', 'laptop', 'napkin', 'plate', 'spoon']"
8672938539_772c47df7c_z.jpg,cup,"['bottle', 'cup']","['book', 'chair', 'food', 'fork', 'laptop', 'napkin', 'plate', 'spoon', 'table']"
9271204165_8bda40f9b1_z.jpg,cup,"['banana', 'bowl', 'cup', 'mug', 'packet', 'person', 'phone', 'plate', 'table']","['book', 'bottle', 'chair', 'food', 'fork', 'laptop', 'napkin', 'spoon']"
9715775978_4094dd5bff_z.jpg,cup,"['cup', 'fork', 'glass', 'napkin', 'plant', 'pot', 'spoon', 'table', 'window']","['book', 'bottle', 'chair', 'food', 'laptop', 'plate']"
1012810480_327267237a_z.jpg,dog,"['bed', 'camera', 'dog', 'lamp', 'mirror', 'person', 'picture frame', 'pillow']","['ball', 'car', 'chair', 'collar', 'fence', 'grass', 'leash', 'sofa', 'tree']"
210709098_326333f436_z.jpg,dog,"['dog', 'drawing', 'lamp', 'person', 'sofa', 'teddy bear']","['ball', 'car', 'chair', 'collar', 'fence', 'grass', 'leash', 'tree']"
2947968946_b188a76229_z.jpg,dog,"['building', 'car', 'dog', 'fence', 'horse', 'road', 'sidewalk']","['ball', 'chair', 'collar', 'grass', 'leash', 'person', 'sofa', 'tree']"
30784590_18b637124e_z.jpg,dog,"['cat', 'dog', 'door', 'glass', 'grass']","['ball', 'car', 'chair', 'collar', 'fence', 'leash', 'person', 'sofa', 'tree']"
3279445889_2f253793ef_z.jpg,dog,"['blanket', 'book', 'collar', 'dog', 'sofa']","['ball', 'car', 'chair', 'fence', 'grass', 'leash', 'person', 'tree']"
3410256465_f6a8a6b689_z.jpg,dog,"['bag', 'bucket', 'cat', 'dog', 'leash', 'person', 'rat']","['ball', 'car', 'chair', 'collar', 'fence', 'grass', 'sofa', 'tree']"
3654165086_5f2736a241_z.jpg,dog,"['chair', 'dog', 'glasses', 'person', 'ring', 'table']","['ball', 'car', 'collar', 'fence', 'grass', 'leash', 'sofa', 'tree']"
39706497_ae1eb88663_z.jpg,dog,"['dog', 'frisbee', 'grass', 'tree']","['ball', 'car', 'chair', 'collar', 'fence', 'leash', 'person', 'sofa']"
4092005670_43fc0f5269_z.jpg,dog,"['dog', 'grass', 'horse', 'mountains', 'person', 'trees', 'utility pole']","['ball', 'car', 'chair', 'collar', 'fence', 'leash', 'sofa', 'tree']"
4385312738_1c191e5ea8_z.jpg,dog,"['banana', 'dog', 'light bulb', 'person']","['ball', 'car', 'chair', 'collar', 'fence', 'grass', 'leash', 'sofa', 'tree']"
4415559538_f036f9ff02_z.jpg,dog,['dog'],"['ball', 'car', 'chair', 'collar', 'fence', 'grass', 'leash', 'person', 'sofa', 'tree']"
4585382776_f896221680_z.jpg,dog,"['ball', 'bench', 'chair', 'dog', 'frisbee', 'grass']","['car', 'collar', 'fence', 'leash', 'person', 'sofa', 'tree']"
4727992106_280098dd98_z.jpg,dog,"['dog', 'flag', 'person', 'rope', 'ship', 'skis', 'sled']","['ball', 'car', 'chair', 'collar', 'fence', 'grass', 'leash', 'sofa', 'tree']"
5403483634_3f503536a4_z.jpg,dog,"['bed', 'blanket', 'dog', 'nightstand', 'pillow']","['ball', 'car', 'chair', 'collar', 'fence', 'grass', 'leash', 'person', 'sofa', 'tree']"
5849678764_3f930be1dc_z.jpg,dog,"['dog', 'grass', 'leash', 'person']","['ball', 'car', 'chair', 'collar', 'fence', 'sofa', 'tree']"
6063388134_ff71933213_z.jpg,dog,"['bicycle', 'dog', 'fence', 'graffiti', 'person', 'skateboard', 'tree']","['ball', 'car', 'chair', 'collar', 'grass', 'leash', 'sofa']"
7079730957_65f332fc7f_z.jpg,dog,"['dog', 'fence', 'grass', 'sheep']","['ball', 'car', 'chair', 'collar', 'leash', 'person', 'sofa', 'tree']"
7994377451_74c3a0e9fc_z.jpg,dog,"['bed', 'dog']","['ball', 'car', 'chair', 'collar', 'fence', 'grass', 'leash', 'person', 'sofa', 'tree']"
8733983407_5d7dc98a90_z.jpg,dog,['dog'],"['ball', 'car', 'chair', 'collar', 'fence', 'grass', 'leash', 'person', 'sofa', 'tree']"
9719235568_1e3a78e49e_z.jpg,dog,"['bed', 'dog', 'sofa']","['ball', 'car', 'chair', 'collar', 'fence', 'grass', 'leash', 'person', 'tree']"
1292982712_dc3335b8c0_z.jpg,laptop,"['laptop', 'screen', 'wine glass']","['book', 'chair', 'coffee', 'desk', 'mouse', 'notebook', 'pen', 'person', 'phone', 'table']"
153912373_e74464dfa0_z.jpg,laptop,"['bed', 'book', 'books', 'chair', 'computer', 'desk', 'door', 'drawer', 'lamp', 'laptop', 'mouse', 'notebook', 'papers', 'pen', 'person', 'pictures', 'table']","['coffee', 'phone']"
2160509407_a85c3806bc_z.jpg,laptop,"['bag', 'bed', 'curtain', 'lamp', 'laptop', 'mirror', 'person', 'phone', 'pillow', 'table', 'window']","['book', 'chair', 'coffee', 'desk', 'mouse', 'notebook', 'pen']"
2943515518_82a020d6cd_z.jpg,laptop,"['chair', 'laptop', 'person', 'table']","['book', 'coffee', 'desk', 'mouse', 'notebook', 'pen', 'phone']"
3301382974_3eaf0162fa_z.jpg,laptop,"['book', 'bottle', 'chair', 'drawer', 'laptop', 'notebook', 'person', 'table', 'television']","['coffee', 'desk', 'mouse', 'pen', 'phone']"
3539996132_28696cbbf5_z.jpg,laptop,"['chair', 'desk', 'keyboard', 'laptop', 'mouse', 'person', 'table']","['book', 'coffee', 'notebook', 'pen', 'phone']"
3857961235_29f7ccf262_z.jpg,laptop,"['coffee', 'cord', 'cup', 'cupcake', 'fork', 'laptop', 'phone', 'plate', 'sprinkles', 'table']","['book', 'chair', 'desk', 'mouse', 'notebook', 'pen', 'person']"
4302656951_96678c6786_z.jpg,laptop,"['bicycle', 'chair', 'couch', 'guitar', 'keyboard', 'laptop', 'microphone', 'monitor', 'notebook', 'projector screen', 'speakers', 'table', 'tree', 'window']","['book', 'coffee', 'desk', 'mouse', 'pen', 'person', 'phone']"
500184773_a2b15657f1_z.jpg,laptop,"['cat', 'cushion', 'laptop', 'sofa']","['book', 'chair', 'coffee', 'desk', 'mouse', 'notebook', 'pen', 'person', 'phone', 'table']"
502198068_546609f931_z.jpg,laptop,"['chair', 'coffee', 'desk', 'laptop', 'mouse', 'notebook', 'person', 'table']","['book', 'pen', 'phone']"
5048688836_84f5e7c824_z.jpg,laptop,"['keyboard', 'laptop', 'mouse', 'touchpad']","['book', 'chair', 'coffee', 'desk', 'notebook', 'pen', 'person', 'phone', 'table']"
5530246897_fc14d80600_z.jpg,laptop,['laptop'],"['book', 'chair', 'coffee', 'desk', 'mouse', 'notebook', 'pen', 'person', 'phone', 'table']"
5675209402_2c463b9d21_z.jpg,laptop,"['chair', 'computer', 'curtains', 'cushion', 'desk', 'lamp', 'laptop', 'plant', 'shelves', 'sofa', 'table', 'television']","['book', 'coffee', 'mouse', 'notebook', 'pen', 'person', 'phone']"
5701640380_8885bd02f0_z.jpg,laptop,['laptop'],"['book', 'chair', 'coffee', 'desk', 'mouse', 'notebook', 'pen', 'person', 'phone', 'table']"
6053239652_a98d26285f_z.jpg,laptop,"['bottle', 'cat', 'laptop', 'person', 'sofa', 'table']","['book', 'chair', 'coffee', 'desk', 'mouse', 'notebook', 'pen', 'phone']"
68874802_36c94e7e9b_z.jpg,laptop,"['cabinet', 'cup', 'cupboard', 'door', 'floor', 'laptop', 'sink', 'television', 'walls']","['book', 'chair', 'coffee', 'desk', 'mouse', 'notebook', 'pen', 'person', 'phone', 'table']"
7304527060_b20a163922_z.jpg,laptop,"['boxes', 'cables', 'chair', 'chairs', 'coffee', 'desk', 'keyboards', 'laptop', 'laptops', 'monitors', 'mouse', 'mugs', 'person', 'phone', 'table']","['book', 'notebook', 'pen']"
8147141891_e6e6cc0b31_z.jpg,laptop,"['bottle', 'can', 'chair', 'chandelier', 'glass', 'laptop', 'mouse', 'napkin', 'painting', 'person', 'pizza', 'plate', 'table', 'window']","['book', 'coffee', 'desk', 'notebook', 'pen', 'phone']"
8261852690_680f6bca26_z.jpg,laptop,"['cabinets', 'chair', 'cup', 'dog', 'laptop', 'papers', 'person', 'refrigerator', 'stool', 'table', 'window']","['book', 'coffee', 'desk', 'mouse', 'notebook', 'pen', 'phone']"
9465645634_24c03ca1dc_z.jpg,laptop,['laptop'],"['book', 'chair', 'coffee', 'desk', 'mouse', 'notebook', 'pen', 'person', 'phone', 'table']"
10265891086_002cc4764c_z.jpg,person,"['bottle', 'bread', 'cup', 'dishes', 'glasses', 'person', 'plate', 'shelf', 'tablecloth', 'tomatoes', 'utensils', 'wine']","['bag', 'ball', 'bicycle', 'car', 'cat', 'chair', 'dog', 'shoe', 'table', 'tree']"
1140779841_2b99d0c6b2_z.jpg,person,"['cake', 'cupboard', 'knife', 'person', 'plate', 'shelf', 'toaster']","['bag', 'ball', 'bicycle', 'car', 'cat', 'chair', 'dog', 'shoe', 'table', 'tree']"
2539843718_7336ef7285_z.jpg,person,"['bag', 'bags', 'car', 'cars', 'person', 'tree', 'truck']","['ball', 'bicycle', 'cat', 'chair', 'dog', 'shoe', 'table']"
2711568708_89f2308b85_z.jpg,person,"['cat', 'dog', 'headphones', 'laptop', 'person']","['bag', 'ball', 'bicycle', 'car', 'chair', 'shoe', 'table', 'tree']"
3169974274_cb7cc61c4a_z.jpg,person,"['backpack', 'bag', 'bicycle', 'box', 'car', 'jacket', 'luggage', 'person']","['ball', 'cat', 'chair', 'dog', 'shoe', 'table', 'tree']"
3287685183_438f4e2f21_z.jpg,person,"['bottle', 'containers', 'person', 'refrigerator', 'shelf']","['bag', 'ball', 'bicycle', 'car', 'cat', 'chair', 'dog', 'shoe', 'table', 'tree']"
3527687226_23a1e2fd74_z.jpg,person,"['bicycle', 'bus', 'car', 'person', 'road', 'tree', 'wall']","['bag', 'ball', 'cat', 'chair', 'dog', 'shoe', 'table']"
4104251557_561fb940c5_z.jpg,person,"['building', 'lights', 'person', 'street', 'tram tracks', 'umbrella']","['bag', 'ball', 'bicycle', 'car', 'cat', 'chair', 'dog', 'shoe', 'table', 'tree']"
4372437500_b45836beae_z.jpg,person,"['bottle', 'chair', 'laptop', 'person', 'table']","['bag', 'ball', 'bicycle', 'car', 'cat', 'dog', 'shoe', 'tree']"
4694116428_402c5819b5_z.jpg,person,['person'],"['bag', 'ball', 'bicycle', 'car', 'cat', 'chair', 'dog', 'shoe', 'table', 'tree']"
4965798874_5d16d00510_z.jpg,person,"['horse', 'person', 'umbrella']","['bag', 'ball', 'bicycle', 'car', 'cat', 'chair', 'dog', 'shoe', 'table', 'tree']"
5137064654_0b6eabe668_z.jpg,person,"['people', 'person', 'traffic light']","['bag', 'ball', 'bicycle', 'car', 'cat', 'chair', 'dog', 'shoe', 'table', 'tree']"
5689037505_4ae1b0ce17_z.jpg,person,"['bag', 'bridge', 'can', 'person', 'shoe', 'skateboard', 'sky', 'sunglasses', 'water']","['ball', 'bicycle', 'car', 'cat', 'chair', 'dog', 'table', 'tree']"
5866038566_85ab79139a_z.jpg,person,"['bottle', 'cup', 'laptop', 'paper', 'person']","['bag', 'ball', 'bicycle', 'car', 'cat', 'chair', 'dog', 'shoe', 'table', 'tree']"
6621047055_74acff8c88_z.jpg,person,"['broccoli', 'cheese', 'fork', 'hand', 'person', 'pizza', 'plate']","['bag', 'ball', 'bicycle', 'car', 'cat', 'chair', 'dog', 'shoe', 'table', 'tree']"
6813229740_1442c6fb26_z.jpg,person,"['building', 'car', 'person', 'sidewalk', 'sign', 'skateboard', 'street', 'tree']","['bag', 'ball', 'bicycle', 'cat', 'chair', 'dog', 'shoe', 'table']"
7432640086_69df2feb25_z.jpg,person,"['bear', 'bicycle', 'dog', 'person', 'platform']","['bag', 'ball', 'car', 'cat', 'chair', 'shoe', 'table', 'tree']"
7623114080_0e00c2d9d8_z.jpg,person,"['airplane', 'bus', 'car', 'lamp post', 'person', 'staircase']","['bag', 'ball', 'bicycle', 'cat', 'chair', 'dog', 'shoe', 'table', 'tree']"
9359125650_9e3a6b9fdd_z.jpg,person,"['clock', 'person', 'platform', 'suitcase', 'tracks', 'train']","['bag', 'ball', 'bicycle', 'car', 'cat', 'chair', 'dog', 'shoe', 'table', 'tree']"
9428309183_14ca8d7e7a_z.jpg,person,"['bananas', 'bottle', 'crab', 'lantern', 'person', 'seafood', 'table']","['bag', 'ball', 'bicycle', 'car', 'cat', 'chair', 'dog', 'shoe', 'tree']"
